title,score,id,url,num_comments,created,selftext,author
bpc-157 lasting damage?,33,12kp497,https://www.reddit.com/r/Peptides/comments/12kp497/bpc157_lasting_damage/,93,1681392299.0,"Hello my friends,

I read a bunch of threads about the side effects of bpc-157 and the most frightening side effect is this persistent anhedonia, which few reports. Others report long or lasting  depression or anxiety while others say it has helped them and their mood is better than before. I'm really unsure because I also know a lot of healthy bodybuilders who report no side effects at all and swear that it's absolutely safe how can that be? Is it just scaremongering or is there any truth to these side effects?",BeneficialArt6797
My results with BPC 157,21,18bofrs,https://www.reddit.com/r/Peptides/comments/18bofrs/my_results_with_bpc_157/,75,1701815562.0,"So at the gym I fucked up my foot, some weights fell on it....

Basically for the next week I was unable to put any pressure on my left feet...

After 2 weeks I started taking BPC again, I'm injecting into my stomach, and it's been about eight straight days, I would say I'm experiencing very minor improvements... I would say I'm experiencing like overall less inflammation, and maybe 20% boost in my recovery, nothing earth-shattering.

I'm injecting 250 MCG one time before bed.

Side Question: Does body weight impact require dosage?",akius0
BPC-157 from Peptide Sciences,5,19afe34,https://www.reddit.com/r/Peptides/comments/19afe34/bpc157_from_peptide_sciences/,66,1705657109.0,"Has anyone researched with this peptide in the last year or so?  If so, whatâ€™s your take on it?   My order came in, but Iâ€™m reading more mixed reviews than prior to ordering.  (Especially interested in peopleâ€™s experiences using this companyâ€™s BPC-157). ",SamsaraSlider
Bpc-157 and my libido,7,18n23iq,https://www.reddit.com/r/Peptides/comments/18n23iq/bpc157_and_my_libido/,43,1703098317.0,"I want to pound everything. Anyone else experiencing this? I donâ€™t know if I should love it or hate it. Probably hate it because Iâ€™m getting 0 action. Iâ€™m typing this out at a dentist appointment and I want to give my very own dentist a specialty  teeth whitening.  

Ok jokes aside though. Anyone experiencing this? Or is my testosterone just through the roof.",AwayFromAverage
I cannot afford BPC-157. What's the next best thing?,41,1c0rxj1,https://www.reddit.com/r/Peptides/comments/1c0rxj1/i_cannot_afford_bpc157_whats_the_next_best_thing/,147,1712771856.0,"Here's my predicament:  I am severely depressed and unemployed.  I have two degrees and can't find a job which is making my lifelong depression much stronger.

I started doing BJJ about 6 months ago and it is incredible for my physical and mental health.  However, I have always had injury-prone joints, and I very easily get tendonitis-like symptoms, especially in my elbows.  This is not good for BJJ.  The pain makes me need to take long breaks from training, which makes everything in my life worse.  I need to be able to train consistently or I will never be able to improve my situation.

Everyone recommends BPC-157 which looks great to me, but it's like... $200/mo basically? That's way way out of reach for me right now.  

What's the next best thing?",newtnomore
"Where to get BPC-157 when the FDA ban goes into affect on March 15, 2024",23,1b1wqsv,https://www.reddit.com/r/Peptides/comments/1b1wqsv/where_to_get_bpc157_when_the_fda_ban_goes_into/,127,1709093433.0,,A-Handsome-Man-
BPC 157 Overdose,32,1c8ax9s,https://www.reddit.com/r/Peptides/comments/1c8ax9s/bpc_157_overdose/,84,1713568339.0,"Hi: A friend of mine started using BPC157 and her unofficial therapist injected her with 10000 mcg (10mg- entire vial) of BPC 157 in one shot. He injected it straight into her painful elbow. Sheâ€™s now worried if this will have any side effects. She is 43 years old and her weight is 120lbs. She is suffering from lack of motion and intense pain in her elbow after her fall in December. Is this something she needs to worry about ?
",m1karo
BPC 157 and Cancer Growth,42,1d1fsm9,https://www.reddit.com/r/Peptides/comments/1d1fsm9/bpc_157_and_cancer_growth/,73,1716771500.0,"Hey all,

I'm a Biotech student and was curious if there's been any consideration that BPC 157 may actually reduce cancer risk or growth due to competitive factors.

Cancerous tumors ask for greater blood supply to grow quicker, starving nearby cells leading to cell death

But if BPC 157 is a *potent* angiogenic VEGF expressor, then could it perhaps bring the rest of the system's angiogenic basely up to a level that may affectively compete with the cancer for bloodflow? 

This thought process comes to me through the thought of different bacteria competing within a microbiome, expressing different antibiotics and such to ensure they can grow at a quicker rate than the other. 

Additionally, I feel that if cancer expresses more angiogenic factors than a non-cancerous cell, it wouldnt do so at a potent level but rather express them at the same rate but without pause since they wish for constant growth whereas a normal cell will slow or stop this expression if it doesn't need it. As such, if cancer cells don't express *potent* angiogenic factors, but rather just release then unrelentingly, then perhaps using something *potent* like BPC 157 could allow for the system to then compete and sustain the nutrition & blood supply it needs.

This is definitely something I'd love to hypothesize and test in a lab lol but of course we know how peptides are viewed in the pharmaceutical industry currently, so instead I'll just hypothesize and share with the community in the case someone else that comes across this is a biotechnologist but rich and could pay to be able to test this if they wish haha

Just a few thoughts ðŸ¤”",SeedlessBananas
"Can we talk about BPC? Notes from a former addict, post 5 week BPC regimen.",30,1auznc7,https://www.reddit.com/r/Peptides/comments/1auznc7/can_we_talk_about_bpc_notes_from_a_former_addict/,50,1708379056.0,"Just finished up a 5 week round (5 on 2 off) of BPC for a hurt achilles, and while yes my achilles is completely healed I have noticed a very positive and lasting change in cognition since stopping BPC a week ago.  I was an alcoholic and heavy stim addict for years, mainly bingeing, and after getting sober for a few years I thought I was fully healed.  Until BPC.  Now my memory is back on target, i can read easily again, and stay present in conversations again.  It has been a massive and positive shift in the way my brain works.  I also worry that this is simply placebo.  Just curious if anyone else has had lasting positive neurological effects from BPC usage that continued after stopping BPC?  Could this just be placebo?  ",wagonspraggs
Bpc 157 and tennis elbow,18,1b80bnn,https://www.reddit.com/r/Peptides/comments/1b80bnn/bpc_157_and_tennis_elbow/,89,1709733454.0,"I understand we can't ask for sources but then how does one find a reputable place to get it from? I've got tennis elbow thats driving me up the fuckin wall. Its impeding my lifting which is the only thing that keeps me sane. I haven't done cortisone shots because I don't want to mask the pain I want to heal it. I do ice and red light therapy and they help but I need this gone asap.

And please don't tell me to ""Google it""  because it's not a yelp review for a local restaurant. Anyone can make a pretty website and tell you their stuff is legit. 

Sorry if this seems annoyed and aggressive. Im just over this elbow problem. ",Defiant-Soup1145
Bpc not dissolving,22,17k5m8g,https://www.reddit.com/gallery/17k5m8g,94,1698704898.0,Canâ€™t seem to get my bpc to fully dissolve started with 1mg bac put it in fridge pulled it out after 24 hours and it had floaties that were jelly like.  Added 2mg more bac water still not dissolving.  Tried another vial of bpc from another kit box and itâ€™s the same thing.  Tried running some warm water over the vial also.  Sent message to supplier with pics. Waiting to hear back from them.  Just curious what yâ€™all would do.,Perspective_420
BPC-157 & back pain ,29,1bba00z,https://www.reddit.com/r/Peptides/comments/1bba00z/bpc157_back_pain/,69,1710076245.0,"Iâ€™ve been using BPC-157 and TB-500 for back pain for about a month. I just decided the other day to start injecting the BPC where the pain is in my back as opposed to in my belly. It has made a tremendous difference. (I was always injecting the TB into my back). I also need to note I got a new mattress and that has also made a difference, but changing where I was injecting was really almost an immediate result. Iâ€™ve been dealing with this back issue with nothing specifically wrong on tests for a good 6 years. I canâ€™t believe there may be a light at the end of the tunnel. ",therog08
BPC-157,5,1coxbul,https://www.reddit.com/r/Peptides/comments/1coxbul/bpc157/,30,1715367863.0,"I have had chronic back pain for a majority of my life despite being young. I have a rheumatologist appointment coming up soon but I don't have a lot of hope and have heard about BPC-157 and thought I'd give it a try.

My one issue is I currently have it, but I will be going on a trip out of the country (UK) at the end of May and imagine taking the vial and syringes through airport security won't be allowed so if I started now I would have to take a week break in about 1.5-2 weeks. Is that okay? Or would it just be better to wait.

Additionally is it okay to reconstitute BPC-157 with reconstitution solution from Quality Pure Nutrition rather that BAC water? And is not using TB500 going to hinder the effects to where I should really take it or just BPC-157 or something else? ",Putrid_Magician178
First time running bpc and tb,58,1aryspf,https://i.redd.it/ujq2stqmavic1.jpeg,82,1708054385.0,"Took a bit of searching, lurking and asking dosage stuff but itâ€™s finally ready to be served.

15 mg bpc with 3ml bac
10 mg tb with 2ml bac

Shipment was great and sterile. Insane vacuum seal on these vials / I remembered someone mentioning that they forgot to hold plunger back and it shot all over. 

Tb is 10 mg per week, which is like 700 mcg 2 x daily.
Bpc is 5mg per week, which is like 350 mcg 2x daily.  

Going to run this for 3 weeks. Then break. 

Should be fun. ðŸ¤©",Tough-Pack-1727
Any peptides for alcohol abuse - not bpc-157,14,1bixtly,https://www.reddit.com/r/Peptides/comments/1bixtly/any_peptides_for_alcohol_abuse_not_bpc157/,124,1710888323.0,"I abused alcohol heavily in 20's and 30s amd really screwed up my brain. Have ADHD/low dopamine and finally lifting myself out of deep depression though still have some. 

Tried BPC for it and it gave me adenhonia and tiredness so I'm going to stop. Might try a lower dose but i also get spacey on it and don't like it. 

I tried semax and didn't notice a big help. Anything help with brain fog or brain damage for you or you know anything? If so how long to take it?  

Edit: Sorry should have mentioned it, I'm two years sober amd don't have cravings anymore luckily. Not looking for something to stop cravings, I'm looking to repair damage I did to the brain. ",Chainlink5usdBottom
Oral BPC-157 Dosage,23,1adfqzz,https://www.reddit.com/gallery/1adfqzz,60,1706482635.0,"Hi there,

Just started my first bottle of BPC-157 capsules from SwissChems. I can't seem to find an exact dosage that's recommended. 

The bottle has 0.5mg per 1 capsule and 60 capsules per bottle. My thought is to take 1 in the morning and 1 in the evening for a total of ~30 days. 

My goal is to reduce gastric distress and potentially shoulder impingement pain.

Any recommendations are appreciated. Thank you :)",QwaZz
Increased morning wood from BPC 157,16,1b9p6jd,https://www.reddit.com/r/Peptides/comments/1b9p6jd/increased_morning_wood_from_bpc_157/,71,1709907926.0,Have noticed i am erect pretty much all night and pretty much every morning since started.  Doing 1mg twice a day so 2mg a day subq.  One pin in the am and one before bed. Anyone else notice this.  ,Ancient-Coffee3983
Iâ€™m 19 and I started BPC-157,5,1akigrs,https://www.reddit.com/r/Peptides/comments/1akigrs/im_19_and_i_started_bpc157/,110,1707248365.0,"Ok so Iâ€™m 19 years old Iâ€™m a complete gym rat
With that comes injuries, hereâ€™s a list of injuries that I have had for at least 3 months that Iâ€™ve tried many different things to fix

Main one: left rotator cuff.
Second: plantar fasciitis in my left foot.
Third: right elbow felt throbbing

I started BPC-157 literally 2 days ago.
I woke up this morning and I have 95% less pain while rotating 0 till 180 degrees (arm at side till completely overhead) and about 50% less pain beyond that point.

Could be a coincidence, could be placebo, could be nothing, but I havenâ€™t woke up with this little pain in about 3 months.

Edit: for any wondering, 250 MCG injected sub q twice per day, once in the morning once at night, no side effects noticed yet. Other than maybe Iâ€™m a bit more tired, too soon to tell.

Edit #2: Thanks for being soooooooo kind in the replies guys. <-- Sarcasm.
For those curious, I do have good form and I've tried physio therapy, I've tried icing, and hot cold therapy, I've tried massages, I've tried stretching for 45 minutes every day, I've tried more cardio, less cardio, and I don't ego lift.
I take 2-3 days in between hitting the same muscle group
Here is my split
#1 Arms/Shoulders (More emphasis on bis+tris then shoulders)
#2 Chest
#3 back
#4 Legs
#5 arms/shoulders (More emphasis on shoulders than bis+tris)
#6 Chest/back (Light day)
#7 REST
De load for 3-6 days every 4-6 weeks.

Edit #3 Woke up this morning with ZERO rotator cuff pain, after benching hard yesterday. That hasnâ€™t happened in like 3-4 months. Either a huge coincidence or this stuff works and it works well.",Sphinxcee
BPC-157 is working ,35,1cdvm16,https://www.reddit.com/r/Peptides/comments/1cdvm16/bpc157_is_working/,33,1714163111.0,"I never ever thought this stuff would work even tho I read tons of reviews and such on here and others but I have to say BPC-157 really seems to be helping my knee severe tendonitis. 

I just canâ€™t believe it but itâ€™s the only thing Iâ€™m doing differently and I can now bend it with no problem and walking is easier and Iâ€™m able to put on jeans and not use my knee brace !

Hoping this lasts! ",Head-Ad7506
BPC Elbow injection? ,5,1clvan0,https://www.reddit.com/r/Peptides/comments/1clvan0/bpc_elbow_injection/,27,1715032458.0,I have pretty bad tennis elbow. I've seen lotsa folks say BPC-157 is more effective the closer you inject to the trouble area. Some others say it doesn't matter. Anyone have tips for injecting near my tennis elbows? I work alone in the mountains for 8 days straight so getting another hand isn't an option. Thanks in advance. ,3phasetalent
BPC Depression,12,1af7s7y,https://www.reddit.com/r/Peptides/comments/1af7s7y/bpc_depression/,36,1706671094.0,"How common is depression with BPC. I have a history of depression have not had it in a few years. Taking BPC for a severe nerve/neck injury. 

Any other peptides that help soft tissue and nerves recommended as well?",Apprehensive-Row6524
Why is there a lack of human trials on BPC-157?,33,1azwei4,https://www.reddit.com/r/Peptides/comments/1azwei4/why_is_there_a_lack_of_human_trials_on_bpc157/,137,1708889094.0,Seems like this could save our global healthcare system millions if this actually works on improving the tissue repair. Is there anyone working on trials just now?,AncientKyogre
BPC Feelings?,12,1armkms,https://www.reddit.com/r/Peptides/comments/1armkms/bpc_feelings/,34,1708022200.0,"I started pinning BPC 157  every day for the last week and I feel like I could literally jump through my skin because I have so much energy. Is this normal? I feel like I could lift a car off of a child. 
Editing. I am taking 200mcg daily subq ",ttannn
BPC 157 healing miracles,26,18nrgd8,https://www.reddit.com/r/Peptides/comments/18nrgd8/bpc_157_healing_miracles/,53,1703177518.0,"Just wanted to share my extremely limited experience with BPC 157. Iâ€™ve been pinning 250mcg 2x a day for three days now plus 50mcg of igf-1 lr3. Trying to heal a clavicle fracture faster. My meniscus tear is no longer symptomatic at all, walking was painful a week ago. My right shoulder rotator cuff tear is no longer symptomatic. High protein diet caused constipation and an anal fissure, thatâ€™s completely healed. Clavicle pain is much less already. These drugs are miracle drugs!",Unfair_Way9925
InfiniWell BPC-157 pills vs Xâ€™s BPC-157 pills,2,1be2vjx,https://www.reddit.com/r/Peptides/comments/1be2vjx/infiniwell_bpc157_pills_vs_xs_bpc157_pills/,14,1710364117.0,"Has anyone here had experience with Xâ€™s or InfiniWellâ€™s oral BPC-157 pills. Iâ€™ve got some digestive problems that need to be healed like mild gastritis and diverticulitis and also mild arthritis and two spinal disc bulges with stenosis and spinal arthritis. I know injecting is better systemic but I think Iâ€™ll try pills first and see how systemic it is since I also have GI problems that need healing. 

Again any experiences with either? All the doctors seem to recommended InfiniWell and they seem to have good testimonials but shady on their COA. While X is the opposite. Thanks ",AmbitiousCategory287
Bpc-157 positive side effects,25,19c9d9w,https://www.reddit.com/r/Peptides/comments/19c9d9w/bpc157_positive_side_effects/,55,1705860140.0,"Curious as to peoples experience with the non injury repairing effects. I had no real injuries to heal except tennis elbow that doesn't bother me anymore but that could be due to time and rest in addition to bpc-157.

One effect I noticed that I did not expect was within less than a minute after injection I noticed a reduction in anxiety and immediate reduction of inflammation throughout the body. Also noticed less of an urge to drink at night. It felt good enough that I almost want to take it once or twice a week in general to reduce inflammation.

Also random but it fixed a hangover withing a couple minutes after a morning injection. Mainly it just cleared out the brain fog better than almost anything. I saw someone else had posted something similar on here about that. 

Just want to make sure it's actually BPC-157 as these other effects were not expected.",curiousmynd01
Spider Veins and BPC-157?,5,1cpjkgz,https://www.reddit.com/gallery/1cpjkgz,32,1715440088.0,"I am around 18 days into using bpc-157, 250mcg into the stomach nightly. Today I have noticed the spider veins shown in the photos, which I have never had before. Has anyone experienced this before, and, is it something to worry about? Of course it could be completely unrelated but I am concerned nevertheless. Some opinions/help would be great. I am also going to consult my GP but I doubt they have experience with peptides hence why posting also.",LukeGittins
BPC-157 LOVE,37,13o0qe1,https://www.reddit.com/r/Peptides/comments/13o0qe1/bpc157_love/,73,1684689757.0,"Okâ€¦ I had an ulnar wrist issue of which I did not want to take the recommended months off lifting. I thought Iâ€™d try a hailmary BPC cycle, injected subq above the pain.

Not only did it heal within five days (with para-care of course like a brace, ice and mindful positioning)â€¦

But a tendonopathy in my shoulder that Iâ€™ve had for two years â€” and seen two physios for for months â€” healed within a week. I did NOT expect this or even use it for this purpose.

Iâ€™m so impressed with this compound itâ€™s unreal.

Rain 500mcg twice a day. Currently still using it, though switching to 250mcg twice a day and for a different purpose.

Cons: It definitely alters my mood. 1mg a day was somewhat anedhonic. I think 500mcg a day however actually improves my mood. It definitely takes playing with to taper to your unique body.",dragonology
Bpc/tb500 ,4,1cggipn,https://www.reddit.com/r/Peptides/comments/1cggipn/bpctb500/,13,1714440456.0,Bad side effects insomnia anxiety anger headaches only 200mcg of each been nearly 3 weeks since last doseðŸ˜“,toddcucek
BPC-157 Following Hand Surgery,6,1ctx4jj,https://www.reddit.com/gallery/1ctx4jj,28,1715921717.0,"I had hand surgery one week ago due to a metacarpal fracture. I have one pin through the middle of the bone and two screws holding it in place. My doctor has given me clearance to try moving my hand as much as possible this week. The current picture below shows my attempt to make a fist. There is no actual hardware in my knuckle, but I wanted to find out if BPC could be safely injected into the knuckle.",ApprehensiveSet1284
BPC 157 and Low Libido,2,1b00164,https://www.reddit.com/r/Peptides/comments/1b00164/bpc_157_and_low_libido/,41,1708897765.0,I have been battling PSSD for 2 years now so a lower libido is normal for me. What Iâ€™ve noticed since starting bpc-157 and TB4 (oral) is that my libido is practically non existent. Has anyone had this experience? Iâ€™ve read about people getting an increase but not a decrease. ,121gigawatz
BPC-157 no longer FDA approved.,0,1cmk01c,https://www.reddit.com/r/Peptides/comments/1cmk01c/bpc157_no_longer_fda_approved/,31,1715109251.0,"I started researching peptides recently to hopefully help me recover from a broken ankle with ligament damage. Iâ€™m considering taking bpc157 and tb500 or just bpc157. 

I called around yesterday and places told me yeah we can get bpc157. Today when I wanted to set something up they told me they canâ€™t get them anymore but offered other ones. 

Those who buy them online and administer them yourself. How did you decide where to get them from, do they have the lippy polysaccharides removed, how long do to need to take them till your close to 100% healed?",crisg279
BPC 157 and serotonin,16,1b6vjjf,https://www.reddit.com/r/Peptides/comments/1b6vjjf/bpc_157_and_serotonin/,32,1709610346.0,"I've felt good taking BPC for the first few days, then I felt ""off"" it's sort of indescribable. I did my research and read that it can cause such an influx in serotonin that it can deplete it and cause anxiety / anhedonia. I've stopped use for 2 days but still feel pretty blah. I have my mood swings where i feel olay then I feel off again. Would 5 HTP help negate the side effects that BPC has caused in such little time? I used it for 6-7 days. I'm almost certain it's my serotonin. (I know there's lots of posts on this, but I need more knowledge on how to fix these effects) 

Edit: I do know these symptoms are in the less than 10 percentile of users, but with my luck I'm one of them. Any knowledge helps, thanks ",damo199
BPC 157 / TB 500 tendinitis experience,20,1cnx3vj,https://www.reddit.com/r/Peptides/comments/1cnx3vj/bpc_157_tb_500_tendinitis_experience/,36,1715260749.0,"**tl;dr I would strongly and without reservation recommend this combo to anyone with tendinitis. Remember that you still have to do the work though!**

Me: late 40's, very active, skier, hiker. Former big drinker, now down to approx two drinks per week, following the advice of Peter Attia and Andrew Huberman and focusing on sleep, cardio, strength, etc etc. 

Issues: persistent, severe Achilles tendinitis, beginning during a period of excessive sprinting and insufficient rest two years ago. Daily pain upon waking, generally between 2/10, which I would consider normal, up to 5 or 6/10 (hobbling walk upon rising) in periods where I'm hiking or biking a lot. No running at all since the issue started, as I found that running is highly aggravating. Also, intermittent patellar tendinitis in my left knee, generally only during periods of intense use, such as skiing or hiking. A hiking trip last summer resulted in severe pain, and the inability to walk downhill after five days of long steep hikes. I do the Knees Over Toes (KoT) bodyweight exercises, and I have greatly reduced mobility in my left knee, which is apparent when I do the stepdown exercise (Patrick step) - I can only lower my right foot about half a step, while I could probably do a full pistol squat on my good knee.

I started BPC 157 and TB 500 at 100mcg each twice per day, and quickly scaled up to 300mcg each twice per day. I injected subq in my stomach, although I tried at the sites of pain a few times, and didn't notice any difference. I ran these for six weeks, ish, and am now taking a break before my next course.

Results: nothing short of miraculous. Within two days there was no pain at all upon waking, 0/10, for literally the first time in two years. I have been able to do KoT much more regularly and I'm getting a vastly increased range of motion under load in my left knee, probably to something like 70% of my good knee. The Achilles exercises prescribed by my PT are not aggravating, meaning they don't result in increased pain the next day, and I can walk and ruck long distances without any issue. Unfortunately, after approx three weeks, I got overconfident and did a sprint session, which brought back the pain. My PT told me that sprinting (along with jumping) is basically max load for the Achilles, to not do it again, and to start running slowly, which I haven't done yet (got enough to work on, and waiting for a long period of zero pain before I start). She also sent me to an ortho, who did x-rays, found no evidence of physical damage, and told me basically to keep doing what I'm doing and to wear non-zero-drop shoes if I'm going to be standing or walking a lot. Two weeks after that meeting, the morning pain is gone again, even though I'm currently off the peptides, and I'm contemplating a return to running when I start my next round. 

I also have issues with addiction, and I have experienced a pretty significant drop in impulses and a better resistance to triggers. I'm better at focusing too, although that may just be from the trigger-blunting effect. I hadn't noticed this until someone posted a question here about recovery from cocaine use, and it wasn't why I started, but I think the effect is real and potentially very interesting for anyone who tends to be scattered and impulsive.

Lessons learned: although BPC / TB is pretty close to a magic bullet for tendinitis, it isn't one, and it's important for users to keep in mind what got them to the point of disability in the first place and to stick to a thoughtful and careful progression. I also am not 100% sure if the miraculous effects are primarily from the anti-inflammatory effect of the TB or the tendon repair effects of the BPC. I wish I had done some imaging before starting the course. I am pretty confident that there has been actual repair to the damaged tendons - I no longer feel areas of thickening or roughness along the heel cord. I also wish I had measured knee mobility under load on both sides before starting. 

The other thing I'd do differently is buy a blend instead of individual bottles of each peptide. I have a horrible time mixing in the syringe, with one or the other of the bottles normally producing a bubble instead of liquid. I'm using CJC and Ipamorelin now and having the same issue, which is infuriating. I generally draw from one bottle, inject, and then draw from the other bottle and inject again, which I know is not best practice but I hate the idea of using four disposable needles a day. Any tips on this would be greatly appreciated!",Atlantic235
BPC-157 vs ARG-BPC,3,176ywnj,https://www.reddit.com/r/Peptides/comments/176ywnj/bpc157_vs_argbpc/,11,1697204121.0,"Iâ€™ve had some success with BPC-157+TB-500 nasal spray, but Iâ€™m wondering if ARG-BPC would be even more effective as a nasal spray? Any feedback would be appreciated, thanks.",v1nnyv3ga
Bpc/tb,2,1cc09bl,https://www.reddit.com/r/Peptides/comments/1cc09bl/bpctb/,10,1713970474.0,If someone was to give their research subject bpc-157/tb-500 to deal with nagging pains and just faster recovery overall from working out what would be the optimal dosage and how often would it have to dose? ,skiba2610
BPC 157 or BPC 157 acetate,4,1al1zla,https://www.reddit.com/r/Peptides/comments/1al1zla/bpc_157_or_bpc_157_acetate/,3,1707309527.0,"Hi, 

I've tried searching but I can't find a definite answer.

I'm in the UK looking for BPC 157 and I have a choice between 

BPC 157 - CAS 137525-51-0 - formula C62 H98 N16 O22

BPC 157 ACETATE - CAS 168202-19-6 - formula as above but with extra XC2 H4 O2

I've gotten myself confused because looking at various shops they list either one or the other. Some shops have wild datasheets with a mix up of CAS numbers and formulas.

Plan to inject.

Thanks for any help!",Comfortable-Mix-7209
How is BPC 157 so good?,31,14sp4iu,https://www.reddit.com/r/Peptides/comments/14sp4iu/how_is_bpc_157_so_good/,90,1688684947.0,"I'm using oral BPC from BioPrime (no affiliation) every now and then during travel to sleep and recover my whole body faster.

And even the occasional 250ug help me sooo much that I'm actually concerned about any long term side effects. 

Like, it seems impossible to not have any trade offs, is there really nothing I should be concerned about?

Edit

Positive effects: 
- When I go to bed later than usual, I'm still in solid shape in the morning, with less sleep.
- When I drink alcohol, I have no hangover. 
- When I eat before sleeping, my sleep is still very restorative. 
- When I take it in the morning, I have a lot of mental clarity and energy, can push hard workouts despite stress.
- No travel fatigue.
- Fast recovery from workout injuries.

The only negative effect I've experienced is slight anxiety. Like, the feeling of uncertainty that makes me write this post. I have something similar with psychedelics too, it either feels amazing or it gives me slight anxiety, depending on the context I'm in.",kischiman
BPC-157 Injection site bruised,17,18b8vfa,https://www.reddit.com/gallery/18b8vfa,49,1701771095.0,"Hey guys, so I have forearm tendonitis and am using bpc157 to treat it.

It's been about 1 week and a few days and I've noticed bruising at the site.

I've been injecting with a 31g 6mm needle and either 1x or 2x a day (I double the dose on 1 needle days).


Is this normal?
Also, can I inject elsewhere in my arm rather than near the forearm tendon there?

Thanks",PrinceHubbaBubba
BPC cancels out Botoxâ€¦??,18,1962ztf,https://www.reddit.com/r/Peptides/comments/1962ztf/bpc_cancels_out_botox/,35,1705193130.0,Just occurring to me that BPC could cancel out my Botox.. any theories or first hand experience with these two together? My last tox injections were hitting the end of their effective window around the same time I started the BPC and didnâ€™t think anything of trying to refresh it but now wondering if itâ€™s just a waste..,Mysterious_Cod_686
Wound healing peptide thatâ€™s not BPC?,14,1cxoxpp,https://www.reddit.com/r/Peptides/comments/1cxoxpp/wound_healing_peptide_thats_not_bpc/,31,1716342801.0,"Hi allâ€” looking for recommendations for a wound-healing peptide that *is not* BPC157â€¦

I tried the BPC subcutaneously and it messed with my head way too much â€” made me so numb and checked out. But in the weeks I tried, it did help the wound â€” but still have a way to go. :/

Thank you for your advice! 

Edit: thank you for the tips, everyone! One question about some of the peptides that affect growth hormone â€” I have a history of blood clots â€” havenâ€™t had one in years but still have somewhat elevated platelets â€” will any of these peptides impact clotting? Iâ€™ll look into all as well, but wondering if anyone here has a better idea than what Iâ€™ll find. Thanks!",ShesBenjaminButton
Oral BPC-157 experience,31,18w35uh,https://www.reddit.com/r/Peptides/comments/18w35uh/oral_bpc157_experience/,33,1704134242.0,"I primarily lurk around this and related subs but I figured I owed a post regarding oral BPC given that itâ€™s asked about a lot but really doesnâ€™t show up, especially as it relates to non-gut issues.

TLDR; I got the one from infiniwell and itâ€™s been amazing! Oral BPC-157 does indeed work for non-gastro issues.

Iâ€™m 34, 6â€™3â€, 240lb at the moment, not in great shape. Taking enclomiphene (3.25mg daily, only started 11 days ago). 

Iâ€™ve had a lingering ankle ligament issues (inferior fibular retinaculum, just under the outside ankle bone), that has had me hobbled for roughly 6 months â€” to the point where just going on a 15 min walk results in me having to sit down and rub my ankle for hours. As you can imagine itâ€™s been horrid for my physical life, I stopped working out and put on about 15lb, while losing muscle. Iâ€™ve seen doctors who havenâ€™t really been able to figure out whatâ€™s going on, other than it just being a strain that I need to rest. The only relief I have been able to find to a certain degree has been these puma shoes I got from Costco, for some reason with them I was able to walk 15-20 min without intense pain (but pain nonetheless).

The ankle issue was at the point where Iâ€™d beg my kids and wife to give me ankle massages on a daily basis (eventually my kids just started avoiding me in the living room lol). Spent hundreds on massages and PT. Started to google ways to heal ankle problems and eventually got a Facebook ad from Transcend about igf lr3 which led me down the route of looking through all sorts of peptides and research for about 5-6 weeks (huge thank you to this community!). Eventually found bpc-157 and peptide sciences who sells oral bpc (with tb4) for $320, which is a pretty good hunk of change. So really went after it and have found that thereâ€™s not much anecdotal evidence out there on this for non-gut issues. Was going to just get the injectable (fear was not pinning but rather reconstituting since Iâ€™m very new to all this), but got yet another Facebook ad from infiniwell, whoâ€™s oral BPC was significantly cheaper and it had a coupon code. Decided what the hell, I already spent hundreds to no avail, may as well try this at $100 (opted for the 500mg delayed release)

Greatest decision I have ever made regarding supplementation. I took 1x/daily first thing in the morning, fasted and didnâ€™t eat for another 2 hours. Within a couple days the pain itself was FULLY masked, my quality of life shot through the roof. I know many will be inclined to say this was a placebo effect, but I personally canâ€™t buy into that given the extreme pain Iâ€™d been dealing with. Also physically the swelling had gone down to the nothing. Over the course of the month, I regained the ability to actually rotate and turn my ankle; to a degree better than I had pre ligament injury. As an added benefit, something that really didnâ€™t hit me until this morning â€” knee pain that I periodically have had in my left knee has not popped up once since I started BPC; even when doing heavy leg extensions, which used to be a guaranteed way to get a flare up. Iâ€™ve also had shoulder issues (left rotator cuff) since I was 20 years old and a big time ego lifter. While this chronic injury is nowhere near â€œfixedâ€ and there is still pain, itâ€™s dulled and more importantly Iâ€™m physically capable of doing full ROM lateral raises; something that has not been possible since college. 

BPC has genuinely changed my life, Iâ€™m really hoping the healing progress continues over the course of the year.

I am thinking about trying the rapid release, but I figure I shouldn't mess with something thats doing so well right now lol.",ThetaKing1
BPC-157 and brain fog. solutions?,8,1bzutgk,https://www.reddit.com/r/Peptides/comments/1bzutgk/bpc157_and_brain_fog_solutions/,34,1712676096.0,"Iâ€™m trying BPC-157 for gut issues, and it appears to be working really well so far but I, am feeling a lot of brain fog, probably due to serotonin increase in the brain.

Has anyone found a solution to that problem? Maybe another supplement? Without needing to stop the medication or reducing it too much ?

I'm on week 2 taking 200 mcg injectable daily in the morning, and yes, I'm really sensitive to medication in general.",Revolutionary-Ad4774
Bpc 157 sides a week after last injection (Seeking advice),13,1bf4amh,https://www.reddit.com/r/Peptides/comments/1bf4amh/bpc_157_sides_a_week_after_last_injection_seeking/,67,1710472763.0,"It's been about a week this Friday since my last injection. I've had some nasty mental sides such as intrusive thoughts/ anxiety/ anhedonia/ derealization etc. I have my spurts where I feel okay, but today was the worst ever. The last 2 days anhedonia has been bad. So I had pre workout with added salt, and some p5p. That was the biggest mistake ever. I felt extremely ""off"" and felt no joy in the gym and I convinced myself that these affects are permanent. (Probably not but the brain is too powerful lol) if anybody has experienced these negative sides, how did you overcome them and what did you to do get through them in general? Should I avoid caffeine? I was sipping on coffee this morning and felt okay until I has pre around 6pm. Never touching bpc again, ever. ",damo199
Bpc 157 how long for effects,8,1an3zcg,https://www.reddit.com/r/Peptides/comments/1an3zcg/bpc_157_how_long_for_effects/,43,1707527057.0,Hello Iâ€™ve been injecting bpc 157 for 4 days now. Just wondering how long until I see a decrease in inflammation and injury healing. Iâ€™m at the the tail end of a pec tear. Mild pain when I do boxing workouts like hitting heavy bag.,Asiancobain92
Bpc 157 dosing,10,1agyfml,https://www.reddit.com/r/Peptides/comments/1agyfml/bpc_157_dosing/,28,1706860111.0,Is it better to inject my daily dose all at once or split it into two? Does it even make a difference? I'm using it to recover from a shoulder injury,xH8erx
BPC-157 and drug testing ,5,1d4yejb,https://www.reddit.com/r/Peptides/comments/1d4yejb/bpc157_and_drug_testing/,17,1717169479.0,"Edit: Shouldâ€™ve been more specific. I meant under WADA testing how long would it be out of your system. Say in a years time for a competition?

I was just wondering how quickly BPC-157 can be out of your system where is doesnâ€™t show up on a urine / blood test.

Any ideas? ",VLTXH
Amino Asylum vs Peptide Sciences for BPC,13,187x1dh,https://www.reddit.com/r/Peptides/comments/187x1dh/amino_asylum_vs_peptide_sciences_for_bpc/,65,1701388064.0,"Which one? Iâ€™m get tired of landing on bullshit low quality webpages. 


Which one is the best. Money aside?",EndothelialGangster
i fking love BPC-157,21,199meyj,https://www.reddit.com/r/Peptides/comments/199meyj/i_fking_love_bpc157/,35,1705570790.0,"Nothing more than to praise this beautiful synthetic fello. I've had popping and grinding in my shoulder for weeks if not months. This synthetic champion fucked it off and made my shoulder feel sturdy again for the first time in months, after 2 days at 250mcg 2x a day. Also tweaked my shoulder whilst on, next day it feels fine.",ElClappo1
Long cycle of BPC-157,11,1cef6l7,https://www.reddit.com/r/Peptides/comments/1cef6l7/long_cycle_of_bpc157/,19,1714226398.0,"So Iâ€™ve been running 500mcg subcutaneous injection for 2 week, and then am going to run 250mcg until the vial runs out. But, it has helped a ton, and i am actually thinking about running 250mcg EOD or every third day for an extended period of time. Didnâ€™t do the math on how long two 10mg bottles will last me, but wondering if anyone else has done this and had it work for them. Thanks ",uenouop
BPC-157 freaking me out a bit,44,1bo5olh,https://www.reddit.com/r/Peptides/comments/1bo5olh/bpc157_freaking_me_out_a_bit/,34,1711452962.0,"30M. 

Starting taking it to assist in recovery of a broken foot (jones fracture) + sprain I sustained from a sports injury. Prior to BPC was dealing with many ailments main ones being  Severe joint pain, impinged shoulder (for 6 years), lower back pain, GERD (heartburn), stomach tightness, throat irritation + spasms, esophagitis, severe brain fog, eye vision blurriness, high blood pressure.

I started slow in dosing (half) and then increased to about 0.3mg X2 a day. Was doing one injection in belly fat and the other near the ankle. Switched the last few days to one 0.3mg injection and moved the location of the injection closer to where i was feeling pain.

I had completely cutout caffeine and adderall (for my ADHD) for the last month post injury but decided to take it again starting the other day for focus issues. Those supplements should inhibit good effects since they are vasoconstrictive but i have no clue, it feels like it jumpstarted something (or the timing was coincidental).

I also **Always** get immediate bowel movement on even small doses of caffeine, its basically a laxative for me. I drank 3x my normal amount yesterday coming off intolerance to it and felt absolutely nothing (was freaked out by this). 

I went to bed and woke up with No Joint Pain. No Neck pain. No knee pain. No shoulder pain. I am breathing normally, i thought caffeine would make my GERD skyrocket and I was able to skip taking a PPI yesterday and feel fine despite trying to get off it last week and have acid rebound. My eyesight feels improved, my brain fog is gone.

The only thing it did not improve was my blood pressure which I have to work on.

I am not sure if it just took a week to kick in or what miracle brought this upon me, but I haven't felt like this since I was 19. It is such a contrast that it's fucking with my brain right now. Will I stay feeling like this, bruh, i want that.",Quantum__Tarantino
Legit and affordable BPC 157 recommendations,11,1aln7rw,https://www.reddit.com/r/Peptides/comments/1aln7rw/legit_and_affordable_bpc_157_recommendations/,38,1707366345.0,"Hi guys, looking to get  BPC 157 and I was wondering what you would suggest for something that is legit and effective. 

The cheapest that I have found that include 3rd party testing is https://peptidecentral.net/

Any other recommendations?",loudbuddha
Bpc 157 for gut healing,7,1auzqcp,https://www.reddit.com/r/Peptides/comments/1auzqcp/bpc_157_for_gut_healing/,32,1708379253.0,I have 4 vials of BPC 157. I am trying to heal gut inflammation. I am wondering if I can draw some out of the vial and just squirt it in my mouth and swallow it?  Thanks in advance for the help. ,Clay143
Is oral BPC-157 good for anything other than gut health?,32,1bt4zgd,https://www.reddit.com/r/Peptides/comments/1bt4zgd/is_oral_bpc157_good_for_anything_other_than_gut/,64,1711981278.0,"I know that injecting BPC-157 is best for ligament healing. However, until I'm able to figure that method out, just how ineffective is the oral form for anything other than gut health? Would I be wasting my time and money?",To_a_Green_Thought
"BPC 157, cysts, side effects",14,1be58xy,https://www.reddit.com/r/Peptides/comments/1be58xy/bpc_157_cysts_side_effects/,23,1710369757.0,"Is there any anecdotals or evidence on it affecting cysts? I have a mucous retention cyst in the left maximally sinus and apparently â€œtiny liver cystsâ€ confirmed by prenuvo full body mri. Worried if it can grow the cysts or cancer, but Iâ€™ve found one study that says it can mitigate cyst growth?  

Also can anyone report on side effects? Iâ€™ve heard of the anhedonia but am a bit concerned on the blocking of absorption of other drugs or even caffeine.",AmbitiousCategory287
BPC for arthritic mom,7,1bw31l8,https://www.reddit.com/r/Peptides/comments/1bw31l8/bpc_for_arthritic_mom/,15,1712274514.0,"Ok Iâ€™m researching my unicornâ€™s momâ€¦ sheâ€™s a 74yo horsie with bad osteoarthritis and fibromyalgia. Sheâ€™s currently on 5mg daily prednisone, 300mg hydrocortisone, all sorts of opioids/benzos for pain, and Wellbutrin AND Prozac daily. Is this too much for the mama horsie to introduce BPC to? I want to help her pain ðŸ˜¢. Iâ€™ve been pouring over so much literature and reading but I canâ€™t find anything that relates to what she takes directly. I understand it pretty low toxicity so Iâ€™m guessing yes? Idk. Please help ðŸ™ ",colleenyweeny03
Taking Melatonin with BPC-157,4,1amykre,https://www.reddit.com/r/Peptides/comments/1amykre/taking_melatonin_with_bpc157/,32,1707512561.0,"Currently taking bpc-157, directions are to inject before bedtime. Would like to take melatonin before bedtime as well, anyone experienced taking melatonin and injected before bedtime",usrnmewhou
Injecting BPC-157 into foot,1,1c2f0l3,https://www.reddit.com/r/Peptides/comments/1c2f0l3/injecting_bpc157_into_foot/,22,1712942920.0,"Hi there, I have heard that BPC-157 is more effective when injected close to the injury. I am wondering if there are any places I can inject in proximity to my foot? Like for example lower calf.

I really appreciate your help, have a nice friday!",planisking
BPC-157 consistently gives anehondia,9,17nf30u,https://www.reddit.com/r/Peptides/comments/17nf30u/bpc157_consistently_gives_anehondia/,47,1699076934.0,"**Anhedonia (typo)
So my gut is in stitches and I tolerate nothing else to help repair the mucosal lining. 
The last time I took BPC-157 (SubQ) I began to get anhedonia after a week. I think this subsided mostly after a year.
However have retrialled BPC orally for two days and itâ€™s the same outcome, but worse this time. Itâ€™s really tanked my libido.

Iâ€™ve read the mechanism in which BPC triggers anhedonia relates back to dopamine receptors in the brain.

How could you avoid this side effect, or should I just avoid using it altogether?
Does BPC-157 readily pass the blood brain barrier? 

Note: I do have undiagnosed ADHD which is a problem with low dopamine in the front of the brain",ChanceTheFapper1
BPC-157 and Growth Hormone,9,1clakzi,https://www.reddit.com/r/Peptides/comments/1clakzi/bpc157_and_growth_hormone/,14,1714970159.0,"Has anyone taken BPC with growth hormone? This study says one of the ways BPC induces healing is through increasing the number of receptors for GH on tendons, so it stands to reason that taking BPC and GH together would be even greater results. And the GH could be taken at a low dose given that the receptors are more prolific. 

https://www.ncbi.nlm.nih.gov/pmc/articles/PMC6271067/

Just an observational theory. Wondering if anyone has tried it?
",Lonely_Application10
Tb 500 or BPC 157 first time injection neck pain? Worried about side effects ,4,1d421vx,https://www.reddit.com/r/Peptides/comments/1d421vx/tb_500_or_bpc_157_first_time_injection_neck_pain/,73,1717069519.0,Hi I have dealt with a stiff neck off and on from a car accident. Every few months it gets really stiff and I can hardly turn my head. I usually do lidocaine or sometimes steroid injections but I am traveling in the UK and they only offer bpc 157 or tb 500. I am very concerned about side effects. What was your experience? Thank you ðŸ™ ,queenofshambhalla
BPC 157 Not Working?,4,1abfnxz,https://www.reddit.com/r/Peptides/comments/1abfnxz/bpc_157_not_working/,26,1706266347.0,"I'm currently running 500mcg BPC 157 subcutaneously to try and fix an elbow injury.  


I'm around 18 days into this and I'm quite underwhelmed with the results. The pain is still present but I can't tell if the BPC is helping.  


I'm considering three options going forward. Firstly, upping the dosage (I'm 6ft 2, 225lbs). Secondly, add in some TB500 (what dosage?). Thirdly, I could up the dosage and include the TB500.   


Is there a way to check if the BPC is legit? It's from UK-Peptides who have some excellent reviews. ",Sharp-Proof8637
Diagen is trying to sell the patent rights for BPC-157 Stable (Arg-BPC),11,1cegrqx,https://www.reddit.com/r/Peptides/comments/1cegrqx/diagen_is_trying_to_sell_the_patent_rights_for/,0,1714230717.0,"[https://www.bpc157.si/bpc-157-stable-patent-rights-for-sale/](https://www.bpc157.si/bpc-157-stable-patent-rights-for-sale/)

This isn't surprising to me.. Diagen is a small company, and they were never really equipped to bring BPC-157 to market. As far as I can tell, the closest they got to monetizing it was selling it for veterinary/apiary use through third parties. It's possible some of the supplement-style arg-BPC products out there are using Diagen BPC-157, but I think they're just ignoring the patent.

Diagen patented a few versions over the decades, most recently BPC-157 Stable (arg-BPC) which is the only active patent. Arg-BPC is more stable in acidic environments (like stomach acid) in comparison with the acetate version (although it's not impervious to acid). The patent for BPC-157 acetate has expired. [I have some patent and human trial info in my Primer if you're interested](https://www.reddit.com/r/Peptides/comments/13ft3g9/peptide_primer_30_is_here_it_covers_dosage/).

So if someone bought the rights to arg-BPC, and got a product to market (probably for a GI condition of some kind), the selection of available arg-BPC products might change. But I wouldn't expect the research-use-only landscape to change much, especially in regards to the more common acetate version.

So yeah, nothing too shocking, but I figured some of you might be interested.",BoldMeasures
BPC-157 for sinus inflammation?,7,1cryh0p,https://www.reddit.com/r/Peptides/comments/1cryh0p/bpc157_for_sinus_inflammation/,13,1715709217.0,"Iâ€™ve had sinus inflammation and pressure for years. Every day I wake up with headaches. Iâ€™ve done everything to get rid of the inflammation. Iâ€™ve had multiple surgeries, allergy tests, medications, etc.

I want to give bpc-157 a try, but want advice on the best course of action. I know injection is the best way to do it, but since it is my sinuses, I doubt it is recommended to inject into your face.

Let me know what you guys think. And if there is a better peptide or course of action to treat my condition, let me know as well.",ctrigga22
anybody else have trouble hitting fat with bpc?,7,1bzuxjv,https://www.reddit.com/r/Peptides/comments/1bzuxjv/anybody_else_have_trouble_hitting_fat_with_bpc/,36,1712676360.0,"i have a shoulder injury.  it def helps but helps more if it's in the shoulder.  but i'm having trouble hitting the fat.  today esp i think i went too deep.  it's def pissed.  is that okish?  have y'all had this trouble with bpc as well?  

i shot my brother up this weekend as well but jfc that dude has like 5% body fat or less i swear to god.  can't imagine how hard a time he'll have with it.

also we are all rats.",Gatorpep
Tb-500 bpc-157 gyno?,0,1b29hiw,https://www.reddit.com/r/Peptides/comments/1b29hiw/tb500_bpc157_gyno/,25,1709136040.0,"I'm taking 5mgs a week and 500mcg a day respectively. The gyno only seemed to appear after adding tb 500 which I've run for a week. Could tb-500 cause gyno? 

I'm also on trt and Saturdays injection may have been around 15-25mgs larger then my usual trt (I was rushing).  I've started taking adex and nolva. Ralox should be here tomorrow and caber on Saturday. Any recommendations to stop the spicy nips until my caber and ralox get here? Nolva/adex don't seem to be working so I'm assuming it's prolactin related.",Clean-Hour4918
Infiniwell oral BPC 157,9,1bgj69i,https://i.redd.it/r0btee426soc1.jpeg,20,1710631615.0,"Hi everyone, Iâ€™ve got a diverticulitis, mild gastritis, and some kind of dysbiocide that causes bloating and intestinal and stomach pain. Not sure it is H2S Sibo or candida overgrowth or mold toxicity. Either way, Iâ€™ve purchase InfiniWellâ€™s rapid 250mcg and delayed 250mcg. Iâ€™ll be taking them soon probably in a few days when they arrive. If you want to me to keep you updated pls comment, itâ€™ll help remind me. Has anyone else used this brands oral bpc before? For anything similar? Or just any bpc 157 for smth similar? 

I chose this because itâ€™s likely theyâ€™re lying about the how much bpc157 is in their pills based on their COA, but they do have it tested for heavy metals and bacteria/yeast. Which is something Iâ€™m concerned about with subs sources as seemingly none test these and ik I have issues with my microbiome already. 
",AmbitiousCategory287
BPC and TB Cycle Length? ,3,1cu55ey,https://www.reddit.com/r/Peptides/comments/1cu55ey/bpc_and_tb_cycle_length/,12,1715952424.0,"Hi All, 

Recently broke my humerus shaft and on the mend. 

Looking to run both BPC157 and TB500, can anyone point me in the right direction for cycle length and dosages? 
",Unfair_Philosophy_86
BPC-157 and Crohnâ€™s Disease,55,1am4fht,https://www.reddit.com/r/Peptides/comments/1am4fht/bpc157_and_crohns_disease/,26,1707421766.0,"
This post was removed from the Crohnâ€™s Disease subreddit. Hopefully itâ€™s more welcome here.

I just wanted to share my experience with BPC-157. Iâ€™m not encouraging anyone else to try it, but thought my anecdotal experience may be of interest.

Iâ€™ve had Crohnâ€™s for 12 years now, and in that time only really had one short but sweet period I would call remission. Iâ€™ve tried many treatments, and Iâ€™m
currently on infliximab every 6 weeks. I exercise regularly, and have my diet narrowed down to 90% Chicken and Rice. If I eat something different, I know thereâ€™s going to be consequences. This rigidity has allowed me to live a manageable life. I use the toilet 2-3 times a day and my stool is on the soft side but is mostly formed, which compared to how itâ€™s been is manageable.

With all that I mind, I was still frustrated that I felt like I had maxed out what I could expect for my disease management, so Iâ€™ve been increasingly drawn to alternatives.

Iâ€™m not going to summarise the research here, I donâ€™t want to serve as anyoneâ€™s primary source of knowledge on this, but what I will say is that I have a background in molecular biology and biochemistry, and Iâ€™m not incapable of interpreting and critically appraising the current state of research. I encourage you to investigate for yourself.

After looking into it I decided that I wanted to try sub-cutaneous injections. I bought my BPC from a company that provides third party testing results which I could verify. I also found a post from another Redditor who had access to HPLC through their work and was able to verify the content testing for my chosen supplier. 

The BPC came as a lyophilised powder which I resuspended in bacteriostatic water. I have now been injecting 250ug twice a day into my belly for a week.

On day one I noticed that my usual intermittent pain was decreased. By day 3 I was passing â€˜normalâ€™ stool once a day. I have only had the most mild intestinal pain since. Iâ€™m genuinely mind blown. All of this was a week prior to my infusion, which is usually a period of increased symptoms for me. I purchased enough for 20 days. Iâ€™m currently thinking about extending this to 40 and then coming off it to observe what happens. My intended use for now will be cycles as and when I need it, as opposed to daily use.

Iâ€™m not trying to encourage anyone else with IBD. Iâ€™m currently sat getting my infusion feeling better than I have in a long time. People are right to state that there is limited research on the efficacy in humans. But that doesnâ€™t mean that anecdotes are worthless to everyone.",Knitty_Shickers
Accidentally injected 2.5mg of bpc 157,11,1aqrg5c,https://www.reddit.com/r/Peptides/comments/1aqrg5c/accidentally_injected_25mg_of_bpc_157/,41,1707929251.0,"I take both tb 500 and bpc 157 for tendonitis. I take bpc twice a day at 250mcg and Tb 500 on Wednesday and Saturday at 2500mcg. Today I accidentally injected 2500mcg of bpc. I tried finding information regarding large doses of bpc but couldn't find anything.

Will I experience any adverse side effects? I plan on skipping my 2nd dose today, should I skip any more doses as well?",Resume_Help
Bpc 157 and skin getting darker,2,1d2rl63,https://www.reddit.com/r/Peptides/comments/1d2rl63/bpc_157_and_skin_getting_darker/,14,1716923339.0,"Hi everybody i have question... Does anybody experience side effect off taking bpc like skin geting darker and some new skin marks,my friend have same simptoms...all that from 10 days use",New-Captain1371
Bpc-157 for dogs ,0,1cph41r,https://www.reddit.com/r/Peptides/comments/1cph41r/bpc157_for_dogs/,10,1715432818.0,"My dog has just undergone acl surgery, has anyone had any experience with bpc on there dog please ",Bikemad93
Bpc 157 - PIP? ,2,1brpq3s,https://www.reddit.com/r/Peptides/comments/1brpq3s/bpc_157_pip/,13,1711826000.0,"I first draw 0.15 mL TB500 (0.500 mg) and then 0.10 mL BPC157 (0.250 mg) into an insulin syringe (30 gauge). 


No matter where I inject I get burning/stinging pain for the first 0.10 mL Bpc and then absolutely no pain from the last 0.15 mL of TB. Just now I got a bit of rash around the injection site. 


Has anyone similar experience? Is my bpc bunk? Infection? I keep everything sterile, alcohol pads and clean work surface, bacteriostatic water etc. 
I can deal with the pain if it's somewhat common, but it's uncomfortable enough that I'm thinking of stopping the bpc if not.

Edit: wrong numbers for the volum",pain_is_life_is_pain
BPC 157 Shaking,4,1cgw7gm,https://www.reddit.com/r/Peptides/comments/1cgw7gm/bpc_157_shaking/,3,1714492287.0,Could you potentionally break up the bonds in oral bpc peptide by shaking ? ,Hopeful_Hippo9614
BPC - 157 Oral vs Injection,3,1cj1xvk,https://www.reddit.com/r/Peptides/comments/1cj1xvk/bpc_157_oral_vs_injection/,14,1714717963.0,"Hey guys.

Interested in BPC 157 and TB 500

I have had an ongoing issue with my shoulder/scapula thatâ€™s been driving me mad for a year. I also have other chronic pain thatâ€™s been with me for several years and Iâ€™m only 33.

Has anyone had success on the orals for pain/healing? Iâ€™m open to the injections and I believe I have a good source (Swiss or peptidesciences). Was planning on 250mcg per day x 20 days which should be one vial if I injected

Any insight would be appreciated 

FWIW I have tried chiro, PT, X-rays, etc. Iâ€™m over it. ",Nutritiouss
Best BPC/TB source?,1,17x6rsj,https://www.reddit.com/r/Peptides/comments/17x6rsj/best_bpctb_source/,33,1700194699.0,"I have tried two sites so far and had zero results with a fairly high doses.  Money is no problem (although I prefer not to blow through that shit). 
What sites can help heal my damn joints?",ExtensionDentist2761
Recommendations for Oral BPC-157?,10,1ahymiq,https://www.reddit.com/r/Peptides/comments/1ahymiq/recommendations_for_oral_bpc157/,28,1706974216.0,"Mostly interested in it for repairing my GI system - I have a combination of leaky gut, inflammation, and dysbiosis. Will also be curious to see if oral dosing has any effect on my current finger injury. 

Im seeing offerings of the arginate version at:

[maxlifenaturals.com](https://maxlifenaturals.com) (best price)

[infiniwell.com](https://infiniwell.com) (not a fan of there being rice flour in the product)

[alkalinesuperfoods.com](https://alkalinesuperfoods.com) (pretty expensive, larger dose than most)

[swisschems.is](https://swisschems.is) (I can't tell if it's the arginate version for sure)

[bioprimesupplements.com](https://bioprimesupplements.com) (most expensive, but the only one in a ""stable liquid form"")

&#x200B;

Anybody have experience using any of these orally? Thanks!

&#x200B;",vonshu
BPC-157 Administration ,3,1bi1ww6,https://www.reddit.com/r/Peptides/comments/1bi1ww6/bpc157_administration/,11,1710795872.0,"Hello, 

Iâ€™ve been researching BPC-157 for a while now, and havenâ€™t found very clear advice on recommended administration methods by issue. For example, Iâ€™m frequently sore all over due to heavy weight training, but I am also looking to gain some of the mental benefits from BPC-157. Iâ€™ve heard mixed things about oral version of BPC-157, but have seen nothing in regard to sub-q injections and their effectiveness for overall health/brain function. Does anyone have experience with this? 

Thanks!
",causeiwanted2
Another BPC-157 Question,6,1bfuidb,https://www.reddit.com/r/Peptides/comments/1bfuidb/another_bpc157_question/,16,1710552923.0,Hello all! I know the consensus is that BPC-157 is best when injected either IM or Sub-Q but I have an insane fear of needles and I donâ€™t have anyone who can inject it for me. I currently have a rotator cuff strain/minor tear and was wondering if the capsules would still help. If so what brands/companies are recommended for the capsules?,Perfect-Necessary-12
What protein does BPC-157 come from?,27,1cdghaq,https://www.reddit.com/r/Peptides/comments/1cdghaq/what_protein_does_bpc157_come_from/,20,1714121411.0,"Stumbled upon this post on StackExchange: https://biology.stackexchange.com/questions/113378/what-protein-or-other-process-does-the-peptide-bpc-157-come-from

The answer by ""Bryan"" is very interesting. He's basically claiming that he could not find any actual data on this supposed 40,000 MW protein that BPC-157 is a fragment of and suggesting that perhaps Predrag SikiriÄ‡ (the inventor of BPC-157) just made it all up. I did some quick searches myself and also could not find any sources describing the protein. Has anyone here done research on this and know more?",nofuckingexcuses
BPC 157 SSRI interaction,7,1bqa941,https://www.reddit.com/r/Peptides/comments/1bqa941/bpc_157_ssri_interaction/,11,1711668848.0,"Research is coming out showing that BPC 157 has a strong anti depressant effect. I keep seeing people. Making wild claims about its side effects and I often wonder if they are taking bpc in conjunction with an ssri.  I have also been curious if there is a correlation between sources and the cognitive effects.  

https://pubmed.ncbi.nlm.nih.gov/10791689/",blmngtncple
BPC-157 ,4,1bejn4m,https://www.reddit.com/r/Peptides/comments/1bejn4m/bpc157/,6,1710418056.0,"hey guys got bad tennis elbow, had it for a few months.. very sore forearm and wrist, I just got BPC 157 and Iâ€™m wondering where the best spot would be to target this? Can I subq into my wrist area or should I stick near the elbow? Thanks ",Fit_Nectarine1993
BPC and TB,4,1bqzwxu,https://www.reddit.com/r/Peptides/comments/1bqzwxu/bpc_and_tb/,10,1711747729.0,Just got both of these for recovery with BAC. Iâ€™ve been trying to find a protocol but havenâ€™t been able to. For a 5mg bottle of each how much BAC do you add to each one and how often do you inject each one? Also does it need to be injected intramuscular? (Newbie here),StrikersLegacy
BPC-157 Alternative,0,1799s7z,https://www.reddit.com/r/Peptides/comments/1799s7z/bpc157_alternative/,29,1697472948.0,"Are there any alternatives for this at all? I need some to take for few months but itâ€™s kinda expensive lol ðŸ˜‚

Is there something that has similar properties?",Feeling-Definition78
Orally taking 1000mcg BPC-157 daily?,11,17ya4ti,https://www.reddit.com/r/Peptides/comments/17ya4ti/orally_taking_1000mcg_bpc157_daily/,43,1700325021.0,"Morning everyone!  So I just received my first bottle of oral/pills BPC-157 yesterday.  I've taken my first does last night when I received it which is a 500mcg dose of BPC per pill.  The recommended dosage  is 2x daily which seems very high.

So my question is, if it's taken orally I'm assuming it does not absorb as well so that's why they recommend 1000mcg/daily?  Asumming maybe only 600mcg is absorbed of the full 1000mcg?  I just want to make sure I don't start off with a side effect.
 
If I notice this stuff really works for me, I will be switching over to injection.  Just not a needle guy currently.",N204life
BPC 157 Frequency Questions,6,1cgvr9m,https://www.reddit.com/r/Peptides/comments/1cgvr9m/bpc_157_frequency_questions/,6,1714491161.0,"Hello all, ran a cycle of BPC 157 and loved it truly did feel a difference. My question is does anyone have any information on cycle frequency. Say can you apply the time on time off? Is that sketchy for one reason or another... or Maybe an 8 week cycle twice a year? Let me know thoughts and anecdotes",billpl8tes
best online peptide for BPC 157.   ,5,1calgov,https://www.reddit.com/r/Peptides/comments/1calgov/best_online_peptide_for_bpc_157/,17,1713818530.0,I have many orthotics issues.   Latest torn rotator cuff in both shoulders along with torn bicep.  I tried bpc157 -500.     Helped a lot.    but the research service is not available now.   Any advice would be appreciated ,Tall-Organization757
Doc Wants Me On BPC-157,22,14azy6z,https://www.reddit.com/r/Peptides/comments/14azy6z/doc_wants_me_on_bpc157/,67,1686929657.0,"I recently went to the doctor about some terrible joint pain, tendinitis, pinched nerves, list goes on. She did some pretty extensive labs and didnâ€™t find anything other than dehydration which is wild for how much water I drink. She thinks Iâ€™m undernourished for my workout routine, and sheâ€™s probably right. She also wants to start me on BPC-157. It sounds almost science fictional. Does it really work, and is it safe? Will it interact with meds, supplements like BCAAs, etc? Any info would be appreciated. Thank yâ€™all!",M_Rambo
BPC Dosage for IBS,3,1c0xf04,https://www.reddit.com/r/Peptides/comments/1c0xf04/bpc_dosage_for_ibs/,12,1712785184.0,Does anyone know what the correct starting dosage would be for BPC157 is to help with IBS? And how often to dose at? I am needing for my research paperâ€¦ ,Complete_Mouse_4661
Possibility of bunk BPC-157,1,1c9v8w1,https://www.reddit.com/r/Peptides/comments/1c9v8w1/possibility_of_bunk_bpc157/,10,1713739968.0,"Hey there, 

Iâ€™ve been taking 500mcg capsules of BPCâ€”157 for about 2 weeks. I havenâ€™t noticed any benefits or sides like upset stomach and caffeine being ineffective.   
  
Iâ€™m starting to wonder if there are some â€œnon respondersâ€ or if perhaps what I have is bunk. Does anyone have input?",TerminallyTrill
BPC 157 causing nightmares,3,1bemwqj,https://www.reddit.com/r/Peptides/comments/1bemwqj/bpc_157_causing_nightmares/,14,1710427621.0,Does anyone know why BPC-157 might be causing nightmares and crazy vivid dreams? Will this go away? ,SunnyOtter
BPC-157 induced anhedonia,6,1amssv6,https://www.reddit.com/r/Peptides/comments/1amssv6/bpc157_induced_anhedonia/,18,1707497901.0,Does anyone have experience with this theyâ€™re able to share? If this side effect is developed does it resolve over time?,Sirdukeofexcellence2
BPC-157 question,4,1c9434a,https://www.reddit.com/r/Peptides/comments/1c9434a/bpc157_question/,4,1713656910.0,"I know BPC is used mainly as a localized injection at the site of pain/injury. My simple question is, would it be best to split the dosage up between sites where I have problems? Say if Iâ€™m needing it for 3 areas. And I pin 1/3 the dose in each area that day. 

Or pin the entire dose in one area, and rotate areas with shots? I plan to couple it with TB500 and HGH as well for maximum recovery. ",Its_Coach_Corey
 BPC/TB500/GHKcu,2,1b9f711,https://www.reddit.com/r/Peptides/comments/1b9f711/bpctb500ghkcu/,11,1709872362.0,Can these 3 be mixed together in a single vial to be administered with a single shot ? If so any advise on dosing would be appreciated ,MilasDaddy
Post-BPC time before regaining focus?,6,1ccry5x,https://www.reddit.com/r/Peptides/comments/1ccry5x/postbpc_time_before_regaining_focus/,14,1714051691.0,"Hi! Started BPC about a month ago but stopped taking it this week after seeing a post about how it messes with ADHD meds. 
I am normally so on top of looking into interactions and weird side effects, but I missed the boat on this one. 
For the last few weeks, my focus has been garbage and brain just feels kinda, static-y, for lack of a better word â€” maybe other ADHDers will know what I mean by that â€” and Iâ€™m back to that pre-ADHD treatment feeling of lethargic and stagnant. 
Itâ€™s only been four days since I stopped the BPCâ€¦ but wondering how long itâ€™s taken for others to feel normal again and for my meds to start working again? 
Thank you! ",ShesBenjaminButton
Bpc-157 to regulate Gaba receptors,1,1cgte8l,https://www.reddit.com/r/Peptides/comments/1cgte8l/bpc157_to_regulate_gaba_receptors/,13,1714485206.0,"Hi guys, I would like to try using BPC-157 to help with my stomach issues and body pains. Additionally, I have anxiety and depression problems and I need to regulate GABA receptors, I can't relax and sleep in any way. I've read that it could lead to anhedonia and I'm a little worried about this, but I'm also desperate because I haven't been taking medication for a while and the situation doesn't seem to be improving.

Do you think it could help me?",clubstregon
BPC 157 (only) Efficacy,6,191rhk7,https://www.reddit.com/r/Peptides/comments/191rhk7/bpc_157_only_efficacy/,24,1704737076.0,"Hey all, 

Iâ€™m currently using Bpc 157 for tricep tendinitis in both my elbows. I am not stacking this TB 500 as much as I would love too itâ€™s simply too pricey for me. The source I use only offers TB 500 in 5MG vials for $60. Thatâ€™s $60 a week for the dosage schedule!

Anyways currently using Bpc 157 sub q injections. 500 mcgs. 1 on the morning with empty stomach for 250 mcg and 1 at night for 250 mcgs. Iâ€™m on week two but still feeling the exact sameâ€¦ seems pretty ineffective as I was having higher expectations. Just wanted to know if anyone out there had success with just BPC 157 by itself? If so, for how long were you running your cycle for? Iâ€™m honestly thinking of stopping after 30 days.",newaccount2535
BPC-157 + TB 500 combo,4,1d5anbf,https://www.reddit.com/r/Peptides/comments/1d5anbf/bpc157_tb_500_combo/,7,1717202119.0,"5â€™ 10â€ male, physically active 4-5 times a week, 220 pounds. Looking for a hypothetical dosage for a BPC-157 + TB 500 combo vial.

I believe I added 4ml of hydrostatic water to my last vial of BPC-157, and I utilized 2 units every night before bed. I know itâ€™s probably different for the peptide combo. Just injured a shoulder in jujitsu and looking to help my body heal.",usmckirkv3
Half life of bpc 157,10,1ax1qut,https://www.reddit.com/r/Peptides/comments/1ax1qut/half_life_of_bpc_157/,20,1708591521.0,Hello would anyone know the half life of 300mcg of bpc 157? After several days of injecting I develop insomnia and hotflashes. Wondering if I should go to an every other day injection or every 48 hours. Any info is appreciated thank you,Asiancobain92
Stacking BPC 157 + PT 141,7,1bnp09p,https://www.reddit.com/r/Peptides/comments/1bnp09p/stacking_bpc_157_pt_141/,18,1711400705.0,"Hi, I started using Bpc 157 again to repair tendons and nerves in my right hand after a bad cut. It has been 10 days and I stopped smoking weed two days ago. Weed made me anxious and  alert or just didnt work when combined with bpc 157 so I decided to stop smoking for a while, the combination also made sleep two hours per night, probably caused by the anxiety though. But weed alone made me horny as fuck and I want that feeling back. I never tried PT 141 and I wanted to know your experiences and possible dangers. Is it safe to stack 400 mcg/500 mcg BPC 157 pill (+ using nasal spray during the day) + PT 141 nasal spray? What dose do you recommend for both? Can these peptides give me anhedonia? Is it permanent? What can I do to prevent anhedonia? Do I risk low libido and ED? I am 22, male and I have Multiple Sclerosis. MS destroyed my sex life for years to the point where nothing interested me sexually and I never got hard but it got better with time. It also made my depression worse but now I am feeling OK, just some anxiety. Last month I started lifting again and if I manage to sleep at least 6-7 hours per night I am feeling from ok to great, depending on the day. I slept like shit in the last two days so I can't really tell but I think my libido is slowly going up. Not feeling horny during the day but I wake up with erections like I used to. Any help is greatly appreciated âœŒ",International-Ad-823
